step,NDCG@1,NDCG@3,NDCG@5,NDCG@10,NDCG@100,MAP@1,MAP@3,MAP@5,MAP@10,MAP@100,Recall@1,Recall@3,Recall@5,Recall@10,Recall@100,P@1,P@3,P@5,P@10,P@100
0,0.42415,0.39319,0.36829,0.33273,0.34108,0.05615,0.09761,0.1127,0.12692,0.16737,0.05615,0.10984,0.13474,0.16068,0.3888,0.43963,0.37152,0.31517,0.23963,0.09505
16384,0.43034,0.39445,0.36937,0.33399,0.34138,0.05637,0.09772,0.11285,0.12734,0.16748,0.05637,0.10984,0.13478,0.16177,0.3888,0.44582,0.37152,0.31579,0.24025,0.09505
32768,0.43034,0.39372,0.36995,0.33452,0.34138,0.05637,0.0977,0.1129,0.12741,0.16746,0.05637,0.10982,0.13484,0.1625,0.3888,0.44582,0.37049,0.31703,0.24087,0.09505
49152,0.42879,0.39327,0.36901,0.33419,0.34112,0.05627,0.0976,0.11273,0.12724,0.16727,0.05627,0.10982,0.13478,0.1625,0.3888,0.44272,0.37049,0.31641,0.24087,0.09505
65536,0.43189,0.39287,0.36942,0.33443,0.34133,0.05632,0.09776,0.11287,0.12742,0.16742,0.05632,0.10971,0.13478,0.16248,0.3888,0.44582,0.36945,0.31641,0.24056,0.09505
81920,0.42879,0.39263,0.36904,0.334,0.34127,0.05626,0.09772,0.11286,0.12741,0.16738,0.05626,0.10971,0.13478,0.16242,0.3888,0.44272,0.36945,0.31641,0.24025,0.09505
98304,0.42724,0.39141,0.36883,0.33328,0.34098,0.05626,0.09758,0.1128,0.12719,0.16728,0.05626,0.10962,0.13483,0.16199,0.3888,0.44272,0.36842,0.31703,0.23932,0.09505
114688,0.42724,0.39092,0.36881,0.33338,0.34099,0.05626,0.09758,0.11321,0.12737,0.16735,0.05626,0.10962,0.13534,0.16216,0.3888,0.44272,0.36842,0.31703,0.23963,0.09505
131072,0.43034,0.39044,0.36927,0.33324,0.34094,0.05631,0.0974,0.11316,0.12731,0.16723,0.05631,0.10911,0.13535,0.16218,0.3888,0.44582,0.36739,0.31765,0.23932,0.09505
147456,0.43034,0.39025,0.36914,0.33335,0.34089,0.05631,0.09738,0.11315,0.12724,0.1672,0.05631,0.10911,0.13535,0.16171,0.3888,0.44582,0.36739,0.31765,0.23963,0.09505
163840,0.43034,0.39098,0.36984,0.33328,0.34096,0.05631,0.09742,0.11336,0.12726,0.16724,0.05631,0.10916,0.13557,0.16158,0.3888,0.44582,0.36842,0.31827,0.23932,0.09505
180224,0.43034,0.39171,0.37032,0.3332,0.341,0.05631,0.09763,0.11342,0.12723,0.16725,0.05631,0.10947,0.13558,0.16149,0.3888,0.44582,0.36945,0.31889,0.23901,0.09505
196608,0.42724,0.39034,0.36932,0.33263,0.34079,0.05626,0.09745,0.11338,0.12714,0.16717,0.05626,0.10925,0.13562,0.1613,0.3888,0.44272,0.36842,0.31827,0.2387,0.09505
212992,0.42724,0.39083,0.36897,0.33245,0.34079,0.05626,0.0975,0.11319,0.12707,0.16714,0.05626,0.10932,0.1351,0.16123,0.3888,0.44272,0.36945,0.31765,0.23839,0.09505
229376,0.42724,0.39028,0.36902,0.33222,0.34066,0.05626,0.0975,0.11327,0.12698,0.1671,0.05626,0.10928,0.13537,0.16127,0.3888,0.44272,0.36945,0.31765,0.23839,0.09505
245760,0.42879,0.39083,0.36945,0.33245,0.34076,0.05635,0.09755,0.11332,0.127,0.16713,0.05635,0.10928,0.13537,0.16127,0.3888,0.44582,0.36945,0.31765,0.23839,0.09505
262144,0.42879,0.38955,0.36951,0.33218,0.34066,0.05635,0.09742,0.11336,0.12694,0.16707,0.05635,0.1091,0.13544,0.16121,0.3888,0.44582,0.36739,0.31827,0.23808,0.09505
278528,0.42879,0.38829,0.3695,0.33211,0.34065,0.05635,0.09744,0.11342,0.12697,0.1671,0.05635,0.10901,0.13544,0.1612,0.3888,0.44582,0.36533,0.31827,0.23808,0.09505
294912,0.42879,0.38829,0.37031,0.33228,0.34063,0.05635,0.09744,0.1135,0.12699,0.16708,0.05635,0.10901,0.13556,0.16129,0.3888,0.44582,0.36533,0.3195,0.23839,0.09505
311296,0.42879,0.38788,0.36977,0.33376,0.34036,0.05635,0.09719,0.11344,0.1274,0.16689,0.05635,0.10901,0.13581,0.16748,0.3888,0.44582,0.36533,0.3195,0.23901,0.09505
327680,0.42879,0.38716,0.36965,0.33366,0.34032,0.05635,0.09716,0.11342,0.12736,0.16685,0.05635,0.10896,0.13581,0.16748,0.3888,0.44582,0.36429,0.3195,0.23901,0.09505
344064,0.42879,0.38716,0.36965,0.33348,0.34033,0.05635,0.09716,0.11342,0.12736,0.16684,0.05635,0.10896,0.13581,0.16747,0.3888,0.44582,0.36429,0.3195,0.2387,0.09505
360448,0.42879,0.38716,0.36965,0.33295,0.34029,0.05635,0.09716,0.11341,0.12734,0.16683,0.05635,0.10896,0.13581,0.16723,0.3888,0.44582,0.36429,0.3195,0.23808,0.09505
376832,0.42879,0.38697,0.36927,0.3332,0.34022,0.05635,0.09715,0.11338,0.12735,0.16677,0.05635,0.10896,0.13576,0.16734,0.3888,0.44582,0.36429,0.31889,0.2387,0.09505
393216,0.42879,0.38624,0.36851,0.33247,0.34009,0.05635,0.09663,0.11299,0.12712,0.16659,0.05635,0.10818,0.13532,0.16718,0.3888,0.44582,0.36326,0.31765,0.23777,0.09505
409600,0.42879,0.3866,0.3681,0.33241,0.34001,0.05635,0.09656,0.1129,0.12707,0.16652,0.05635,0.10808,0.13525,0.16718,0.3888,0.44582,0.36326,0.31703,0.23777,0.09505
425984,0.42879,0.38716,0.3675,0.33227,0.34005,0.05635,0.09668,0.11242,0.12704,0.16649,0.05635,0.10827,0.13414,0.16718,0.3888,0.44582,0.36429,0.31641,0.23746,0.09505
442368,0.4257,0.38662,0.36752,0.33202,0.33999,0.05634,0.09667,0.11242,0.12702,0.16647,0.05634,0.10827,0.13417,0.16718,0.3888,0.44272,0.36429,0.31703,0.23746,0.09505
458752,0.4257,0.38662,0.36793,0.33217,0.34002,0.05634,0.09667,0.11246,0.12708,0.16648,0.05634,0.10827,0.13435,0.16721,0.3888,0.44272,0.36429,0.31765,0.23777,0.09505
475136,0.42879,0.38675,0.36786,0.3318,0.33964,0.05635,0.09616,0.1119,0.1265,0.16591,0.05635,0.10827,0.13435,0.16716,0.3888,0.44582,0.36429,0.31765,0.23746,0.09505
491520,0.42879,0.38593,0.367,0.33131,0.33953,0.05635,0.09606,0.11185,0.12642,0.16584,0.05635,0.10796,0.13431,0.16711,0.3888,0.44582,0.36326,0.31641,0.23684,0.09505
507904,0.42879,0.38593,0.36639,0.33146,0.33949,0.05635,0.09606,0.11181,0.12642,0.16579,0.05635,0.10796,0.13424,0.16711,0.3888,0.44582,0.36326,0.31579,0.23715,0.09505
524288,0.42879,0.38593,0.36599,0.33123,0.33945,0.05635,0.09606,0.11178,0.12639,0.16574,0.05635,0.10796,0.13419,0.16709,0.3888,0.44582,0.36326,0.31517,0.23684,0.09505
540672,0.43189,0.38647,0.36638,0.33139,0.3397,0.05646,0.09611,0.11183,0.12651,0.16587,0.05646,0.10796,0.13419,0.16702,0.3888,0.44892,0.36326,0.31517,0.23653,0.09505
557056,0.43498,0.3872,0.36659,0.33162,0.34018,0.0568,0.09628,0.11195,0.12668,0.16606,0.0568,0.10796,0.13414,0.16705,0.3888,0.45201,0.36326,0.31455,0.23622,0.09505
573440,0.43498,0.38743,0.36621,0.33192,0.34016,0.0568,0.09609,0.11177,0.12667,0.166,0.0568,0.10781,0.13352,0.16716,0.3888,0.45201,0.36326,0.31393,0.23684,0.09505
589824,0.43498,0.38815,0.36657,0.33178,0.3402,0.0568,0.09626,0.11172,0.12668,0.166,0.0568,0.10833,0.13327,0.1671,0.3888,0.45201,0.36429,0.31455,0.23653,0.09505
606208,0.43498,0.38907,0.36678,0.33138,0.34018,0.0568,0.09628,0.11173,0.12662,0.16599,0.0568,0.10834,0.13327,0.16675,0.3888,0.45201,0.36533,0.31455,0.23591,0.09505
622592,0.43498,0.38853,0.36644,0.33141,0.34018,0.0568,0.09622,0.11166,0.12661,0.16598,0.0568,0.10823,0.13316,0.16675,0.3888,0.45201,0.36429,0.31393,0.23591,0.09505
638976,0.43808,0.39057,0.36679,0.33159,0.34051,0.05711,0.09693,0.11185,0.12685,0.16623,0.05711,0.10906,0.13302,0.16671,0.3888,0.45511,0.36636,0.31331,0.2356,0.09505
655360,0.44118,0.38966,0.36704,0.3317,0.34049,0.05717,0.09669,0.11181,0.1268,0.16616,0.05717,0.10845,0.13302,0.16681,0.3888,0.4582,0.36429,0.31331,0.2356,0.09505
671744,0.44118,0.38966,0.36805,0.33191,0.34047,0.05717,0.09669,0.11192,0.1268,0.16615,0.05717,0.10845,0.13316,0.16683,0.3888,0.4582,0.36429,0.31455,0.23591,0.09505
688128,0.44118,0.39038,0.36809,0.33201,0.34046,0.05717,0.09674,0.11181,0.12671,0.16604,0.05717,0.10853,0.13316,0.16697,0.3888,0.4582,0.36533,0.31455,0.23622,0.09505
704512,0.44272,0.39069,0.3683,0.33232,0.34066,0.05717,0.09674,0.1118,0.12677,0.16607,0.05717,0.10853,0.13316,0.16693,0.3888,0.4582,0.36533,0.31455,0.23622,0.09505
720896,0.44272,0.39105,0.36915,0.33259,0.34069,0.05717,0.0969,0.11186,0.12684,0.16612,0.05717,0.10877,0.13321,0.16694,0.3888,0.4582,0.36636,0.31579,0.23653,0.09505
737280,0.44272,0.39158,0.36987,0.33244,0.34074,0.05717,0.0969,0.11245,0.12678,0.16619,0.05717,0.10879,0.13629,0.16669,0.3888,0.4582,0.36739,0.31579,0.23622,0.09505
753664,0.44272,0.39158,0.36983,0.33249,0.34073,0.05717,0.0969,0.11245,0.12684,0.16619,0.05717,0.10879,0.13629,0.16675,0.3888,0.4582,0.36739,0.31579,0.23653,0.09505
770048,0.44272,0.39158,0.36942,0.33242,0.34069,0.05717,0.0969,0.11245,0.12681,0.16613,0.05717,0.10879,0.13628,0.16675,0.3888,0.4582,0.36739,0.31517,0.23653,0.09505
786432,0.44272,0.39124,0.36922,0.33276,0.34075,0.05717,0.09691,0.11242,0.12684,0.16614,0.05717,0.10878,0.13618,0.16677,0.3888,0.4582,0.36636,0.31455,0.23684,0.09505
802816,0.44272,0.38979,0.36903,0.33304,0.34068,0.05717,0.09683,0.11239,0.12688,0.1661,0.05717,0.10862,0.13618,0.16702,0.3888,0.4582,0.36429,0.31455,0.23746,0.09505
819200,0.44272,0.39051,0.36959,0.3332,0.34085,0.05717,0.097,0.11254,0.12702,0.1662,0.05717,0.10914,0.13628,0.16735,0.3888,0.4582,0.36533,0.31517,0.23746,0.09505
835584,0.44272,0.39032,0.36945,0.33331,0.34077,0.05717,0.09697,0.11252,0.12701,0.16616,0.05717,0.10914,0.13628,0.16746,0.3888,0.4582,0.36533,0.31517,0.23777,0.09505
